{
"lengthUnit": "mil",
"components": {
	"fields": ["COMPONENT_NO", "COMPONENT_NAME", "LAYER", "X_COORDINATE", "Y_COORDINATE", "ANGLE"],
	"rows": [
		[1, "C1", "T", 205, -245, 180],
		[2, "C2", "T", 275, -50, 270],
		[3, "C3", "T", 225, -50, 270],
		[4, "D1", "T", 85, -125, 0],
		[5, "H1", "T", 375, -375, 180],
		[6, "H2", "T", 85, -35, 0],
		[7, "LED1", "T", 210, -345, 90],
		[8, "Q1", "T", 395, -245, 90],
		[9, "R1", "T", 290, -270, 90],
		[10, "R2", "T", 70, -205, 90],
		[11, "R3", "T", 135, -195, 180],
		[12, "U1", "T", 260, -165, 180]
	]
},
"pins": {
	"fields": ["PIN_NO", "PIN_NAME", "PIN_X", "PIN_Y", "LAYER", "PIN_TYPE", "NET_NAME", "NET_TYPE", "PAD_SHAPE", "PAD_SIZEX", "PAD_SIZEY", "HOLE_SIZE", "PAD_ANGLE"],
	"rows": [
		[1, "C1_1", 226.46, -245, "T", "SMD", "LATCH_OUT", "", "R", 31.11, 21.26, 0, 180],
		[2, "C1_2", 183.54, -245, "T", "SMD", "GND", "GND", "R", 31.11, 21.26, 0, 180],
		[3, "C2_1", 275, -28.54, "T", "SMD", "VCC", "", "R", 31.11, 21.26, 0, 270],
		[4, "C2_2", 275, -71.46, "T", "SMD", "GND", "GND", "R", 31.11, 21.26, 0, 270],
		[5, "C3_1", 225, -28.54, "T", "SMD", "VCC", "", "R", 31.11, 21.26, 0, 270],
		[6, "C3_2", 225, -71.46, "T", "SMD", "GND", "GND", "R", 31.11, 21.26, 0, 270],
		[7, "D1_1", 21.61, -125, "T", "SMD", "VCC", "", "R", 34.65, 37.8, 0, 180],
		[8, "D1_2", 148.39, -125, "T", "SMD", "$1N288", "", "R", 34.65, 37.8, 0, 180],
		[9, "H1_1", 425, -375, "T", "DIP", "SWITCH_OUT", "", "R", 66.93, 66.93, 39.37, 180],
		[10, "H1_1", 425, -375, "B", "DIP", "SWITCH_OUT", "", "R", 66.93, 66.93, 39.37, 180],
		[11, "H1_2", 325, -375, "T", "DIP", "GND", "GND", "C", 66.93, 66.93, 39.37, 180],
		[12, "H1_2", 325, -375, "B", "DIP", "GND", "GND", "C", 66.93, 66.93, 39.37, 180],
		[13, "H2_1", 35, -35, "T", "DIP", "VCC", "", "R", 66.93, 66.93, 39.37, 0],
		[14, "H2_1", 35, -35, "B", "DIP", "VCC", "", "R", 66.93, 66.93, 39.37, 0],
		[15, "H2_2", 135, -35, "T", "DIP", "GND", "GND", "C", 66.93, 66.93, 39.37, 0],
		[16, "H2_2", 135, -35, "B", "DIP", "GND", "GND", "C", 66.93, 66.93, 39.37, 0],
		[17, "LED1_1", 210, -376.48, "T", "SMD", "GND", "GND", "R", 31.5, 31.5, 0, 180],
		[18, "LED1_2", 210, -313.52, "T", "SMD", "$1N1430", "", "R", 31.5, 31.5, 0, 180],
		[19, "Q1_1", 432.4, -199.72, "T", "SMD", "$1N305", "", "R", 39.37, 31.5, 0, 270],
		[20, "Q1_2", 357.6, -199.72, "T", "SMD", "VCC", "", "R", 39.37, 31.5, 0, 270],
		[21, "Q1_3", 395, -290.28, "T", "SMD", "SWITCH_OUT", "", "R", 39.37, 31.5, 0, 270],
		[22, "R1_1", 290, -287.04, "T", "SMD", "$1N305", "", "R", 22.27, 21.26, 0, 90],
		[23, "R1_2", 290, -252.96, "T", "SMD", "LATCH_OUT", "", "R", 22.27, 21.26, 0, 90],
		[24, "R2_1", 70, -222.04, "T", "SMD", "$1N1430", "", "R", 22.27, 21.26, 0, 90],
		[25, "R2_2", 70, -187.96, "T", "SMD", "SWITCH_OUT", "", "R", 22.27, 21.26, 0, 90],
		[26, "R3_1", 152.04, -195, "T", "SMD", "LATCH_OUT", "", "R", 22.27, 21.26, 0, 180],
		[27, "R3_2", 117.96, -195, "T", "SMD", "$1N288", "", "R", 22.27, 21.26, 0, 180],
		[28, "U1_1", 210.79, -127.6, "T", "SMD", "$1N288", "", "R", 49.21, 27.56, 0, 180],
		[29, "U1_2", 210.79, -202.4, "T", "SMD", "LATCH_OUT", "", "R", 49.21, 27.56, 0, 180],
		[30, "U1_3", 309.21, -165, "T", "SMD", "GND", "GND", "R", 49.21, 27.56, 0, 180]
	]
}
}